INSERT INTO PARTNER (NAME, COUNTRY_ID) VALUES ('COMCAST', 2);
INSERT INTO PARTNER (NAME, COUNTRY_ID) VALUES ('SKY', 18);

INSERT INTO USER (USER_ID, FIRST_NAME, LAST_NAME, EMAIL_ADDRESS, ADDRESS, PHONE_NUMBER, COUNTRY_ID) VALUES (1001, 'Steven', 'H', 'stevenhorngyen@gmail.com', 'Saratoga', '213-631-8152', 2);
INSERT INTO USER (USER_ID, FIRST_NAME, LAST_NAME, EMAIL_ADDRESS, ADDRESS, PHONE_NUMBER, COUNTRY_ID) VALUES (1002, 'Stephanie', 'C', 'stephanie@gmail.com', 'London', '20-3301-5555', 18);
INSERT INTO USER (USER_ID, FIRST_NAME, LAST_NAME, EMAIL_ADDRESS, ADDRESS, PHONE_NUMBER, COUNTRY_ID) VALUES (1003, 'Jack', 'Z', 'jackz@gmail.com', 'New York', '408-234-1788', 2);
INSERT INTO USER (USER_ID, FIRST_NAME, LAST_NAME, EMAIL_ADDRESS, ADDRESS, PHONE_NUMBER, COUNTRY_ID) VALUES (1004, 'Mark', 'T', 'markt@gmail.com', 'Edinburgh', '30-3201-1433', 18);

INSERT INTO SUBSCRIPTION_TYPE (DESCRIPTION) VALUES ('Basic');
INSERT INTO SUBSCRIPTION_TYPE (DESCRIPTION) VALUES ('Standard');
INSERT INTO SUBSCRIPTION_TYPE (DESCRIPTION) VALUES ('Premium');

INSERT INTO USER_HAS_SUBSCRIPTION (USER_ID, PARTNER_ID, START_DATE, END_DATE, CREATED_DATE, SUBSCRIPTION_TYPE_ID) VALUES (
	1001, 
	(SELECT PARTNER_ID FROM PARTNER WHERE NAME = 'COMCAST' and COUNTRY_ID = 2), 
	DATE '2018-12-01', null, sysdate(), 
	(SELECT SUBSCRIPTION_TYPE_ID FROM SUBSCRIPTION_TYPE WHERE DESCRIPTION = 'Premium'));
INSERT INTO USER_HAS_SUBSCRIPTION (USER_ID, PARTNER_ID, START_DATE, END_DATE, CREATED_DATE, SUBSCRIPTION_TYPE_ID) VALUES (
	1002, 
	(SELECT PARTNER_ID FROM PARTNER WHERE NAME = 'SKY' and COUNTRY_ID = 18), 
	DATE '2018-12-05', null, sysdate(), 
	(SELECT SUBSCRIPTION_TYPE_ID FROM SUBSCRIPTION_TYPE WHERE DESCRIPTION = 'Standard'));
INSERT INTO USER_HAS_SUBSCRIPTION (USER_ID, PARTNER_ID, START_DATE, END_DATE, CREATED_DATE, SUBSCRIPTION_TYPE_ID) VALUES (
	1003, 
	(SELECT PARTNER_ID FROM PARTNER WHERE NAME = 'COMCAST' and COUNTRY_ID = 2), 
	DATE '2018-11-01', null, sysdate(), 
	(SELECT SUBSCRIPTION_TYPE_ID FROM SUBSCRIPTION_TYPE WHERE DESCRIPTION = 'Basic'));
INSERT INTO USER_HAS_SUBSCRIPTION (USER_ID, PARTNER_ID, START_DATE, END_DATE, CREATED_DATE, SUBSCRIPTION_TYPE_ID) VALUES (
	1004, 
	(SELECT PARTNER_ID FROM PARTNER WHERE NAME = 'SKY' and COUNTRY_ID = 18), 
	DATE '2019-11-05', null, sysdate(), 
	(SELECT SUBSCRIPTION_TYPE_ID FROM SUBSCRIPTION_TYPE WHERE DESCRIPTION = 'Premium'));

INSERT INTO CURRENCY (DESCRIPTION, COUNTRY_ID) VALUES ('Pound', 18);
INSERT INTO CURRENCY (DESCRIPTION, COUNTRY_ID) VALUES ('USD', 2);

INSERT INTO COUNTRY (COUNTRY_ID, DESCRIPTION) VALUES (2, 'United States');
INSERT INTO COUNTRY (COUNTRY_ID, DESCRIPTION) VALUES (18, 'United Kingdom');

INSERT INTO SUBSCRIPTION_PRICE (SUBSCRIPTION_TYPE_ID, COUNTRY_ID, PRICE) VALUES (
	(SELECT SUBSCRIPTION_TYPE_ID FROM SUBSCRIPTION_TYPE WHERE DESCRIPTION = 'Basic'), 2, 7.99);
INSERT INTO SUBSCRIPTION_PRICE (SUBSCRIPTION_TYPE_ID, COUNTRY_ID, PRICE) VALUES (
	(SELECT SUBSCRIPTION_TYPE_ID FROM SUBSCRIPTION_TYPE WHERE DESCRIPTION = 'Standard'), 2, 10.99);
INSERT INTO SUBSCRIPTION_PRICE (SUBSCRIPTION_TYPE_ID, COUNTRY_ID, PRICE) VALUES (
	(SELECT SUBSCRIPTION_TYPE_ID FROM SUBSCRIPTION_TYPE WHERE DESCRIPTION = 'Premium'), 2, 13.99);
INSERT INTO SUBSCRIPTION_PRICE (SUBSCRIPTION_TYPE_ID, COUNTRY_ID, PRICE) VALUES (
	(SELECT SUBSCRIPTION_TYPE_ID FROM SUBSCRIPTION_TYPE WHERE DESCRIPTION = 'Basic'), 18, 6.27);
INSERT INTO SUBSCRIPTION_PRICE (SUBSCRIPTION_TYPE_ID, COUNTRY_ID, PRICE) VALUES (
	(SELECT SUBSCRIPTION_TYPE_ID FROM SUBSCRIPTION_TYPE WHERE DESCRIPTION = 'Standard'), 18, 8.62);
INSERT INTO SUBSCRIPTION_PRICE (SUBSCRIPTION_TYPE_ID, COUNTRY_ID, PRICE) VALUES (
	(SELECT SUBSCRIPTION_TYPE_ID FROM SUBSCRIPTION_TYPE WHERE DESCRIPTION = 'Premium'), 18, 10.98);

INSERT INTO BILLING_DECEMBER_2018 (BILLING_DATE, USER_ID, PARTNER_ID) VALUES (
	DATE '2018-12-01',
	1001,
	SELECT PARTNER_ID FROM USER_HAS_SUBSCRIPTION WHERE USER_ID = 1001
);
INSERT INTO BILLING_DECEMBER_2018 (BILLING_DATE, USER_ID, PARTNER_ID) VALUES (
	DATE '2018-12-01',
	1003,
	SELECT PARTNER_ID FROM USER_HAS_SUBSCRIPTION WHERE USER_ID = 1003
);
INSERT INTO BILLING_DECEMBER_2018 (BILLING_DATE, USER_ID, PARTNER_ID) VALUES (
	DATE '2018-12-05',
	1002,
	SELECT PARTNER_ID FROM USER_HAS_SUBSCRIPTION WHERE USER_ID = 1002
);
